ref,title,publication_date,note_exists,pdf_exists,categories,cited_chapters,coverage
R001,Multistage coupling of independent laser-plasma accelerators,2016-02-01,True,True,laser-plasma-acceleration;strong-field-qed-radiation;hedp-icf-laboratory-astrophysics;pic-and-plasma-simulation,01-laser-plasma-acceleration.md;04-hedp-icf-astrophysics.md;05-pic-kinetic-simulation.md,正文引用
R002,Dense GeV electron-positron pairs generated by lasers in near-critical-density plasmas,2016-12-14,True,True,strong-field-qed-radiation;hedp-icf-laboratory-astrophysics;pic-and-plasma-simulation,,目录覆盖
R003,Plasma holograms for ultrahigh-intensity optics,2017-01-16,True,True,strong-field-qed-radiation;hedp-icf-laboratory-astrophysics;pic-and-plasma-simulation;experimental-platforms-diagnostics,,目录覆盖
R004,Single-stage plasma-based correlated energy spread compensation for ultrahigh 6D brightness electron beams,2017-06-05,True,True,laser-plasma-acceleration;strong-field-qed-radiation;hedp-icf-laboratory-astrophysics;pic-and-plasma-simulation,01-laser-plasma-acceleration.md;05-pic-kinetic-simulation.md,正文引用
R005,Near-100 MeV protons via a laser-driven transparency-enhanced hybrid acceleration scheme,2018-02-20,True,True,laser-plasma-acceleration;laser-accelerated-beam-applications;strong-field-qed-radiation;hedp-icf-laboratory-astrophysics;pic-and-plasma-simulation,01-laser-plasma-acceleration.md;05-pic-kinetic-simulation.md,正文引用
R006,Experimental Signatures of the Quantum Nature of Radiation Reaction in the Field of an Ultraintense Laser,2018-07-05,True,False,strong-field-qed-radiation;hedp-icf-laboratory-astrophysics;pic-and-plasma-simulation;experimental-platforms-diagnostics,03-strong-field-qed.md;05-pic-kinetic-simulation.md,正文引用
R007,Laser Amplification in Strongly Magnetized Plasma,2019-07-09,True,False,strong-field-qed-radiation;hedp-icf-laboratory-astrophysics;pic-and-plasma-simulation,,目录覆盖
R008,Generating keV ion distributions for nuclear reactions at near solid-density using intense short-pulse lasers,2019-09-13,True,True,laser-accelerated-beam-applications;strong-field-qed-radiation;hedp-icf-laboratory-astrophysics;pic-and-plasma-simulation,04-hedp-icf-astrophysics.md,正文引用
R009,Dissipation of electron-beam-driven plasma wakes,2020-09-21,True,True,laser-plasma-acceleration;strong-field-qed-radiation;hedp-icf-laboratory-astrophysics;pic-and-plasma-simulation,05-pic-kinetic-simulation.md,正文引用
R010,Automation and control of laser wakefield accelerators using Bayesian optimization,2020-12-11,True,True,laser-plasma-acceleration;strong-field-qed-radiation;hedp-icf-laboratory-astrophysics;pic-and-plasma-simulation;ai-ml-plasma-physics,06-ai-ml-plasma.md,正文引用
R011,Demonstration of a compact plasma accelerator powered by laser-accelerated electron beams,2021-05-17,True,False,laser-plasma-acceleration;strong-field-qed-radiation;hedp-icf-laboratory-astrophysics;pic-and-plasma-simulation,01-laser-plasma-acceleration.md,正文引用
R012,Probing Strong-Field QED with Doppler-Boosted Petawatt-Class Lasers,2021-09-10,True,False,strong-field-qed-radiation;hedp-icf-laboratory-astrophysics;pic-and-plasma-simulation,03-strong-field-qed.md,正文引用
R013,Recovery time of a plasma-wakefield accelerator,2022-03-02,True,True,laser-plasma-acceleration;strong-field-qed-radiation;hedp-icf-laboratory-astrophysics;pic-and-plasma-simulation,01-laser-plasma-acceleration.md;05-pic-kinetic-simulation.md,正文引用
R014,"Homogeneous, Micron-Scale High-Energy-Density Matter Generated by Relativistic Laser-Solid Interactions",2022-09-21,True,False,strong-field-qed-radiation;hedp-icf-laboratory-astrophysics;pic-and-plasma-simulation,04-hedp-icf-astrophysics.md,正文引用
R015,Ultra-short pulse laser acceleration of protons to 80 MeV from cryogenic hydrogen jets tailored to near-critical density,2023-07-07,True,True,laser-plasma-acceleration;laser-accelerated-beam-applications;strong-field-qed-radiation;hedp-icf-laboratory-astrophysics;pic-and-plasma-simulation,01-laser-plasma-acceleration.md,正文引用
R016,Positron Generation and Acceleration in a Self-Organized Photon Collider Enabled by an Ultraintense Laser Pulse,2023-08-09,True,False,laser-plasma-acceleration;strong-field-qed-radiation;hedp-icf-laboratory-astrophysics;pic-and-plasma-simulation,03-strong-field-qed.md,正文引用
R017,Plasma electron acceleration driven by a long-wave-infrared laser,2024-05-13,True,True,laser-plasma-acceleration;strong-field-qed-radiation;hedp-icf-laboratory-astrophysics;pic-and-plasma-simulation,,目录覆盖
R018,Laser-Driven Proton-Only Acceleration in a Multicomponent Near-Critical-Density Plasma,2024-11-06,True,False,laser-plasma-acceleration;laser-accelerated-beam-applications;strong-field-qed-radiation;hedp-icf-laboratory-astrophysics;pic-and-plasma-simulation,,目录覆盖
R019,Laser-driven proton acceleration beyond 100 MeV by radiation pressure and Coulomb repulsion in a conduction-restricted plasma,2025-02-10,True,True,laser-plasma-acceleration;laser-accelerated-beam-applications;strong-field-qed-radiation;hedp-icf-laboratory-astrophysics;pic-and-plasma-simulation,01-laser-plasma-acceleration.md;04-hedp-icf-astrophysics.md,正文引用
R020,Biermann-Battery-Driven Magnetized Collisionless Shock Precursors in Laser-Produced Plasmas,2025-03-25,False,False,hedp-icf-laboratory-astrophysics,04-hedp-icf-astrophysics.md,正文引用
R021,Learning plasma dynamics and robust rampdown trajectories with predict-first experiments at TCV,2025-10-06,False,False,experimental-platforms-diagnostics,,目录覆盖
R022,Plasma lens for focusing attosecond pulses,2025-11-04,True,True,general-plasma-and-methods,,目录覆盖
R023,High average-flux laser-driven neutron source,2025-11-20,False,False,laser-accelerated-beam-applications,,目录覆盖
R024,Multi-GeV electron beam generation via two-stage laser wakefield acceleration,2025-11-27,False,False,laser-plasma-acceleration,01-laser-plasma-acceleration.md,正文引用
R025,Plasma-wakefield accelerator simultaneously boosts electron beam energy and brightness,2025-11-28,True,True,laser-plasma-acceleration;pic-and-plasma-simulation,01-laser-plasma-acceleration.md;10-outlook-learning.md,正文引用
R026,Multi-PW laser-driven proton acceleration using a plasma-lens target,2025-12-06,False,True,laser-plasma-acceleration;laser-accelerated-beam-applications;experimental-platforms-diagnostics,,目录覆盖
R027,Direct observation of a wakefield generated with structured light,2025-12-08,False,False,laser-plasma-acceleration,,目录覆盖
R028,Multi-messenger dynamic imaging of laser-driven shocks in water using a plasma wakefield accelerator,2025-12-16,False,False,laser-plasma-acceleration;hedp-icf-laboratory-astrophysics,04-hedp-icf-astrophysics.md,正文引用
R029,Compressed ultrafast photography of plasmas formed from laser breakdown of dense gases reveals that internal processes dominate evolution at early times,2026-01,False,False,general-plasma-and-methods,09-general-plasma.md,正文引用
R030,Efficient plasma-based polarization converter for intense X-ray lasers,2026-01-01,False,True,laser-accelerated-beam-applications,,目录覆盖
R031,"Influence of plasma, surface, and angle on interlinked X-ray emission dynamics in femtosecond burst pulse ablation",2026-01-08,False,True,general-plasma-and-methods,,目录覆盖
R032,Time-resolved X-ray imaging of the current filamentation instability in solid-density plasmas,2026-01-09,False,False,general-plasma-and-methods,09-general-plasma.md,正文引用
R033,Properties of well isolated warm dense matter produced by collision of high-speed plasma jets,2026-01-12,False,False,general-plasma-and-methods,09-general-plasma.md,正文引用
R034,Probing Short-Lived Nuclear Isomers in Laser-Induced Plasmas,2026-01-12,False,True,general-plasma-and-methods,,目录覆盖
R035,Observation of quantum effects on radiation reaction in strong fields,2026-01-13,True,True,strong-field-qed-radiation;ai-ml-plasma-physics,00-foundations.md;03-strong-field-qed.md;10-outlook-learning.md,正文引用
R036,ARISE: an algorithm for rapid ion spectrum extraction enabling real-time optimisation in high-repetition-rate laser-driven ion acceleration,2026-01-25,False,True,laser-plasma-acceleration;laser-accelerated-beam-applications;experimental-platforms-diagnostics,08-platforms-diagnostics.md,正文引用
R037,Design of transient plasma photonic structure mirrors for high-power lasers using deep kernel Bayesian optimisation,2026-02-02,False,False,ai-ml-plasma-physics,,目录覆盖
R038,Data-driven model order reduction for accelerating boundary plasma turbulence simulations,2026-02-05,False,True,pic-and-plasma-simulation;ai-ml-plasma-physics,05-pic-kinetic-simulation.md;06-ai-ml-plasma.md,正文引用
R039,Equation of state measurements of boron nitride under laser-driven compression at the Prague Asterix Laser System facility,2026-02-06,True,True,hedp-icf-laboratory-astrophysics,04-hedp-icf-astrophysics.md,正文引用
R040,Bright electron bunches from a plasma-wakefield accelerator with a steep density down-ramp,2026-02-11,True,True,laser-plasma-acceleration;strong-field-qed-radiation;hedp-icf-laboratory-astrophysics;pic-and-plasma-simulation,01-laser-plasma-acceleration.md,正文引用
R041,Tailoring electron bunch quality in laser-plasma acceleration: a comparative study of Bessel-Gaussian and Gaussian laser profiles under variable plasma density geometries,2026-02-12,True,True,laser-plasma-acceleration;pic-and-plasma-simulation,,目录覆盖
R042,Enhanced terahertz radiation generation by phase-controlled two-color laser pulses interacting with an under-dense plasma,2026-02-14,False,True,general-plasma-and-methods,09-general-plasma.md,正文引用
R043,Generation of X-ray Spatiotemporal Vortices via Nonlinear Thomson Scattering,2026-02-16,False,True,general-plasma-and-methods,,目录覆盖
R044,Laguerre-Gaussian pulses for spin-polarized ion beam acceleration,2026-02-18,False,False,laser-plasma-acceleration;laser-accelerated-beam-applications,,目录覆盖
R045,Batch Bayesian optimization of attosecond betatron pulses from laser wakefield acceleration,2026-02-18,False,False,laser-plasma-acceleration;ai-ml-plasma-physics,,目录覆盖
R046,Machine learning prediction of plasma behavior from discharge configurations on WEST,2026-02-22,False,True,ai-ml-plasma-physics,,目录覆盖
R047,Beam shape effect on enhanced laser wakefield acceleration of electrons driven by 10-fs mJ-class pulses,2026-02-26,False,True,laser-plasma-acceleration,,目录覆盖
R048,Ponderomotive plasma lenses for holography by Gaussian beams,2026-02-27,False,True,general-plasma-and-methods,09-general-plasma.md,正文引用
R049,Femtosecond laser-driven ultrafast X-ray dynamics experimental station,2026-03-01,False,True,experimental-platforms-diagnostics,08-platforms-diagnostics.md,正文引用
R050,Plasma rotation driven by lasers with zero angular momentum,2026-03-02,False,True,general-plasma-and-methods,09-general-plasma.md,正文引用
R051,Generation of polarization-tunable hybrid cylindrical vector gamma rays from rotating electron beams,2026-03-02,False,False,laser-plasma-acceleration;laser-accelerated-beam-applications;strong-field-qed-radiation,,目录覆盖
R052,Measurement of ion acceleration and diffusion in a laser-driven magnetized plasma,2026-03-02,True,False,laser-plasma-acceleration;laser-accelerated-beam-applications;hedp-icf-laboratory-astrophysics,,目录覆盖
R053,"Ultrahigh flux of direct laser-accelerated electrons, MeV photons, and neutrons from overdense polymer foams",2026-03-02,True,True,laser-accelerated-beam-applications;laser-plasma-acceleration;experimental-platforms-diagnostics;hedp-icf-laboratory-astrophysics,10-outlook-learning.md,正文引用
R054,Laser-driven annular shock waves as laboratory analogues of wCDM cosmologies and cosmological gravitational waves,2026-03-04,False,False,hedp-icf-laboratory-astrophysics,04-hedp-icf-astrophysics.md,正文引用
R055,Modified vacuum polarization in the presence of a plasma,2026-03-04,False,False,general-plasma-and-methods,,目录覆盖
R056,PDE foundation model-accelerated inverse estimation of system parameters in inertial confinement fusion,2026-03-04,True,True,hedp-icf-laboratory-astrophysics;magnetic-fusion-and-alpha-particles,04-hedp-icf-astrophysics.md;07-magnetic-fusion.md,正文引用
R057,Efficient generation of a 100 nC electron beam via self-mode transition from LWFA to PWFA,2026-03-05,False,False,laser-plasma-acceleration,,目录覆盖
R058,Recent advances in Betatron radiation sources driven by laser–plasma interactions,2026-03-05,False,True,general-plasma-and-methods,,目录覆盖
R059,Probing vacuum birefringence in an Ultrastrong Laser Field via High-energy Gamma-ray Polarimetry,2026-03-05,True,True,laser-accelerated-beam-applications;strong-field-qed-radiation,03-strong-field-qed.md,正文引用
R060,Super light-by-light scattering in vacuum induced by intense vortex lasers,2026-03-10,False,False,general-plasma-and-methods,,目录覆盖
R061,Intrinsic Nonlocality of Spin- and Polarization-Resolved Probabilities in Strong-Field Quantum Electrodynamics,2026-03-11,False,False,strong-field-qed-radiation,03-strong-field-qed.md,正文引用
R062,New scheme for inertial confinement fusion laser drivers based on a spatiotemporal partially coherent multi-mode source and its prospects,2026-03-18,True,True,hedp-icf-laboratory-astrophysics;magnetic-fusion-and-alpha-particles,04-hedp-icf-astrophysics.md;07-magnetic-fusion.md,正文引用
R063,Pushing the frontiers of light: magnetized plasma lenses and chirp tailoring for extreme intensities,2026-03-18,False,False,hedp-icf-laboratory-astrophysics,,目录覆盖
R064,All-optically controllable electron and X-ray sources from microchannel-guided direct laser acceleration,2026-03-19,False,False,laser-plasma-acceleration,,目录覆盖
R065,Accelerating atomic fine structure determination with graph reinforcement learning,2026-03-19,False,False,general-plasma-and-methods,09-general-plasma.md,正文引用
R066,High-energy gamma-photons and pair electrons generation in polarized ultraintense laser fields,2026-03-23,False,True,laser-accelerated-beam-applications,,目录覆盖
R067,"Short overview of solid, gas, cryogenic and liquid target fabrication for single-beam high-power laser experiments",2026-03-25,True,True,laser-plasma-acceleration;laser-accelerated-beam-applications;experimental-platforms-diagnostics,01-laser-plasma-acceleration.md;08-platforms-diagnostics.md,正文引用
R068,Electron bunch optimization in laser wakefield acceleration through temporally asymmetric pulse shaping in ionization injection regime,2026-03-25,True,True,laser-plasma-acceleration;pic-and-plasma-simulation,01-laser-plasma-acceleration.md,正文引用
R069,From LUXE to future colliders: probing strong-field QED and beyond,2026-03-30,False,False,strong-field-qed-radiation,03-strong-field-qed.md,正文引用
R070,Simulation Design for Velocity-Controlled Spatio-Temporal Drivers in Laser Wakefield Acceleration,2026-03-30,False,True,laser-plasma-acceleration;pic-and-plasma-simulation,05-pic-kinetic-simulation.md,正文引用
R071,Full EPIC-GOD: An energy-conserving full particle-in-cell code for GPU acceleration using OpenACC,2026-04,False,False,laser-plasma-acceleration;pic-and-plasma-simulation,05-pic-kinetic-simulation.md,正文引用
R072,Single-event fast neutron time-of-flight spectrometry with a petawatt-laser-driven neutron source,2026-04-01,False,False,laser-accelerated-beam-applications,02-beam-applications.md,正文引用
R073,Ultrafast plasma dynamics in laser-irradiated nanowire arrays probed with an X-ray free-electron laser,2026-04-01,False,False,general-plasma-and-methods,09-general-plasma.md,正文引用
R074,A machine learning framework for developing quasilinear saturation rules of turbulent transport from linear gyrokinetic data,2026-04-01,False,True,pic-and-plasma-simulation;ai-ml-plasma-physics;magnetic-fusion-and-alpha-particles,05-pic-kinetic-simulation.md;06-ai-ml-plasma.md;07-magnetic-fusion.md,正文引用
R075,Probing ultrafast heating and ionization dynamics in solid density plasmas with time-resolved resonant X-ray absorption and emission,2026-04-03,False,False,general-plasma-and-methods,09-general-plasma.md,正文引用
R076,Laser-produced plasmas as probes of astrophysical magnetic fields,2026-04-09,False,False,general-plasma-and-methods,,目录覆盖
R077,A procedure for rule extraction from a Self-Organising plasma disruption predictor for JET,2026-04-10,False,False,general-plasma-and-methods,,目录覆盖
R078,A Fully Electromagnetic Hybrid PIC-Fluid Model for Predictive Fusion Neutron Yield in Dense Plasma Focus,2026-04-10,False,True,laser-accelerated-beam-applications;hedp-icf-laboratory-astrophysics;pic-and-plasma-simulation,05-pic-kinetic-simulation.md,正文引用
R079,Enhanced p11B fusion and alpha particle production from laser-irradiated nanowire arrays,2026-04-13,True,True,hedp-icf-laboratory-astrophysics;pic-and-plasma-simulation;magnetic-fusion-and-alpha-particles,07-magnetic-fusion.md,正文引用
R080,Preservation of 3He ion polarization after laser-driven acceleration in plasma,2026-04-17,True,True,laser-plasma-acceleration,01-laser-plasma-acceleration.md,正文引用
R081,Neural network-based deconvolution for GeV-Scale Gamma-Ray Spectroscopy,2026-04-21,False,True,laser-accelerated-beam-applications;strong-field-qed-radiation;ai-ml-plasma-physics,,目录覆盖
R082,Efficiency-optimized relativistic plasma harmonics for extreme fields,2026-04-22,False,True,general-plasma-and-methods,,目录覆盖
R083,SPRAY: A smoothed particle radiation hydrodynamics code for modeling high intensity laser-plasma interactions,2026-04-22,True,True,hedp-icf-laboratory-astrophysics,04-hedp-icf-astrophysics.md,正文引用
R084,Attosecond Nonlinear Quantum Electrodynamics in Laser-Driven Plasmas via Two-Photon Synchrotron Emission,2026-04-22,False,True,strong-field-qed-radiation,,目录覆盖
R085,X-ray tomography of damage dynamics in advanced materials using a laser wakefield accelerator,2026-04-24,False,True,laser-plasma-acceleration,,目录覆盖
R086,Revealing Laser and Electron Beam Evolution in 10-GeV-class Laser-Plasma Accelerators,2026-04-28,False,True,laser-plasma-acceleration,,目录覆盖
R087,Compensation of Carrier Envelope Phase Slip using Machine Learning,2026-05,False,True,ai-ml-plasma-physics,,目录覆盖
R088,"FusionMAE, a self-supervised pretrained model to optimize and simplify diagnostic and control of fusion plasma",2026-05-01,False,True,hedp-icf-laboratory-astrophysics;experimental-platforms-diagnostics,06-ai-ml-plasma.md;08-platforms-diagnostics.md,正文引用
R089,Transversely pumped laser driven particle accelerator,2026-05-02,True,True,laser-plasma-acceleration,,目录覆盖
R090,Suppression and Enhancement of Electromagnetic Pulses from Laser-Target Interactions by Strong Magnetic Fields,2026-05-05,False,True,experimental-platforms-diagnostics,08-platforms-diagnostics.md,正文引用
R091,An electron injector for the Electron-Ion Collider based on proton-driven plasma wakefield acceleration,2026-05-08,True,True,laser-plasma-acceleration;laser-accelerated-beam-applications,,目录覆盖
R092,Supersonic gas jet catcher system for differential pumping in laser plasma interaction experiments,2026-05-11,True,True,laser-plasma-acceleration;experimental-platforms-diagnostics,01-laser-plasma-acceleration.md;08-platforms-diagnostics.md,正文引用
R093,"Design of experiments characterising heat conduction in magnetised, weakly collisional plasma",2026-05-12,False,True,experimental-platforms-diagnostics,08-platforms-diagnostics.md,正文引用
R094,"High-repetition-rate, all-reflective optical guiding and electron acceleration in helium using an off-axis axicon",2026-05-12,False,True,laser-plasma-acceleration;experimental-platforms-diagnostics,01-laser-plasma-acceleration.md;08-platforms-diagnostics.md,正文引用
R095,High-order exponential solver method for particle-in-cell simulations in cylindrical geometry,2026-05-12,True,True,laser-plasma-acceleration;pic-and-plasma-simulation,05-pic-kinetic-simulation.md,正文引用
R096,Ultrafast many-body dynamics of dense Rydberg gases and ultracold plasma,2026-05-14,False,True,general-plasma-and-methods,09-general-plasma.md,正文引用
R097,Neural network sampling of Bethe-Heitler process in particle-in-cell codes,2026-05-15,True,False,strong-field-qed-radiation;pic-and-plasma-simulation;ai-ml-plasma-physics,03-strong-field-qed.md,正文引用
R098,Multi-pulse and multi-angle ultrafast X-ray imaging driven by petawatt-class ultrafast laser pulses,2026-05-15,False,True,general-plasma-and-methods,09-general-plasma.md,正文引用
R099,"An explicit, energy-conserving particle-in-cell scheme for relativistic plasmas",2026-05-18,False,True,pic-and-plasma-simulation,05-pic-kinetic-simulation.md,正文引用
R100,Laser-Wakefield-Driven Photonuclear and Laser-Driven DD Fusion Neutron Sources for Fast Neutron Capture: A Start-to-End Simulation Study,2026-05-18,True,True,laser-plasma-acceleration;laser-accelerated-beam-applications;hedp-icf-laboratory-astrophysics;pic-and-plasma-simulation,02-beam-applications.md;10-outlook-learning.md,正文引用
R101,Laser-driven Ion and Neutron Sources from Medium Repetition Ultrashort PW Laser,2026-05-18,True,True,laser-accelerated-beam-applications;experimental-platforms-diagnostics,02-beam-applications.md;08-platforms-diagnostics.md,正文引用
R102,Dual-picosecond-laser-driven generation of MV/m giant electromagnetic pulses,2026-05-19,False,True,pic-and-plasma-simulation,,目录覆盖
R103,Quasi-monoenergetic deuteron acceleration via boosted coulomb explosion by reflected picosecond laser pulse,2026-05-29,False,True,laser-plasma-acceleration;pic-and-plasma-simulation,,目录覆盖
R104,Relativistically strong electromagnetic waves in magnetised plasmas,2026-06,True,True,strong-field-qed-radiation,,目录覆盖
R105,"Spectrally accurate, reverse-mode differentiable bounce-averaging algorithm and its applications",2026-06,True,True,pic-and-plasma-simulation,,目录覆盖
R106,Constructing field-aligned coordinate systems for gyrokinetic simulations of tokamaks in X-point geometries,2026-06,True,True,pic-and-plasma-simulation;magnetic-fusion-and-alpha-particles,05-pic-kinetic-simulation.md;07-magnetic-fusion.md,正文引用
R107,From Weibel seeds to dynamo beyond pair-plasmas,2026-06,True,True,general-plasma-and-methods,09-general-plasma.md,正文引用
R108,Saturation of collisionless ion temperature gradient turbulence via symmetric dynamics. I. The zonal flow,2026-06,True,True,general-plasma-and-methods,,目录覆盖
R109,Extension of MIDAS-1D2V model: fusion reactions and neutral beam capture,2026-06,True,True,hedp-icf-laboratory-astrophysics;pic-and-plasma-simulation;magnetic-fusion-and-alpha-particles,07-magnetic-fusion.md,正文引用
R110,Shock Breakout Driven by Colliding Plasmas in the Double-Cone Ignition Scheme,2026-06-01,False,True,hedp-icf-laboratory-astrophysics,04-hedp-icf-astrophysics.md,正文引用
R111,Explainable tokamak-agnostic forecasting of fusion plasma instability via megahertz turbulent fluctuations,2026-06-01,False,True,hedp-icf-laboratory-astrophysics;magnetic-fusion-and-alpha-particles,,目录覆盖
R112,Probing kinetic enhancement of fusion reactivity in turbulent hot spots,2026-06-01,True,True,hedp-icf-laboratory-astrophysics;pic-and-plasma-simulation,04-hedp-icf-astrophysics.md,正文引用
R113,Electron injection and acceleration into laser-driven wakefield from a solid overdense plasma target,2026-06-01,True,True,laser-plasma-acceleration;pic-and-plasma-simulation;experimental-platforms-diagnostics,,目录覆盖
R114,Kinetic Theory for Electronic Transport Properties of Warm Dense Matter: Chapman-Enskog Solution of the Uehling-Uhlenbeck Equation,2026-06-01,True,True,pic-and-plasma-simulation,,目录覆盖
R115,Experimental investigation of SRS and SBS growth in thick and exploded foil targets in smoothed and unsmoothed beam interactions,2026-06-02,False,True,hedp-icf-laboratory-astrophysics;experimental-platforms-diagnostics,04-hedp-icf-astrophysics.md;08-platforms-diagnostics.md,正文引用
R116,A Reduced-Order Particle-in-Cell Method with Azimuthal Fourier-Decomposed Fields for Nominally Axisymmetric Plasmas,2026-06-03,True,True,pic-and-plasma-simulation;ai-ml-plasma-physics,05-pic-kinetic-simulation.md,正文引用
R117,Radiation-induced electron spin polarization in ultrarelativistic kinetic turbulence,2026-06-04,True,True,strong-field-qed-radiation;pic-and-plasma-simulation,03-strong-field-qed.md,正文引用
R118,Optimization of EUV output by experimentally validated radiation-hydrodynamic simulations across a broad laser parameter space,2026-06-04,True,True,pic-and-plasma-simulation;experimental-platforms-diagnostics,,目录覆盖
R119,A Surrogate Model for Proton Spectrum Prediction to Map Transitions in Laser-Ion Acceleration,2026-06-04,True,True,laser-plasma-acceleration;laser-accelerated-beam-applications;pic-and-plasma-simulation;ai-ml-plasma-physics,02-beam-applications.md;06-ai-ml-plasma.md,正文引用
R120,Plasma wakefield dynamics of self-generated electron bunch trains,2026-06-04,False,True,laser-plasma-acceleration,,目录覆盖
R121,Multi-kilohertz laser plasma acceleration driven by an industrial-grade Yb:YAG laser,2026-06-05,True,True,laser-plasma-acceleration,01-laser-plasma-acceleration.md,正文引用
R122,High-dimensional inverse design of inertial fusion implosions via differentiable simulation,2026-06-07,True,True,hedp-icf-laboratory-astrophysics;pic-and-plasma-simulation,04-hedp-icf-astrophysics.md;06-ai-ml-plasma.md,正文引用
R123,Spectral and spatial ion beam parameter optimization at petawatt laser facilities,2026-06-08,True,True,laser-accelerated-beam-applications;pic-and-plasma-simulation,02-beam-applications.md,正文引用
R124,Conservative Charge and Current Deposition on Nonuniform 3D Cylindrical PIC Meshes with Residual Self-Field Diagnostics,2026-06-08,True,True,pic-and-plasma-simulation;experimental-platforms-diagnostics,05-pic-kinetic-simulation.md,正文引用
R125,Learning collision operators from plasma phase space data using differentiable simulators,2026-06-10,True,True,pic-and-plasma-simulation;ai-ml-plasma-physics,06-ai-ml-plasma.md,正文引用
R126,RR-induced breaking of ponderomotive invariants in EM modes,2026-06-10,True,True,laser-plasma-acceleration;strong-field-qed-radiation,03-strong-field-qed.md,正文引用
R127,Mixed Hermite-Legendre spectral method for kinetic plasma simulations,2026-06-10,True,True,pic-and-plasma-simulation,05-pic-kinetic-simulation.md,正文引用
R128,Hierarchical Framework of Runaway Electrons using Deep Learning,2026-06-10,True,True,hedp-icf-laboratory-astrophysics;ai-ml-plasma-physics;magnetic-fusion-and-alpha-particles,07-magnetic-fusion.md,正文引用
R129,Ultrashort Pulse Train Generation on a 100TW Laser Beamline Using a Delay Mask After the Final Focusing Optics,2026-06-11,True,True,experimental-platforms-diagnostics,08-platforms-diagnostics.md,正文引用
R130,PIConGPU modeling of nanoplasma formation in helium nanodroplets irradiated by intense femtosecond laser pulses,2026-06-12,True,True,pic-and-plasma-simulation,,目录覆盖
R131,"An Energy-Conserving Unstaggered Electromagnetic-Potential Particle-in-Cell Method, Part I: Non-relativistic Generalized-Momentum Formulation",2026-06-13,True,True,pic-and-plasma-simulation,05-pic-kinetic-simulation.md;10-outlook-learning.md,正文引用
R132,Towards Data-Efficient Cross-Device Generalization of Grad-Shafranov Equilibria via Transfer Learning Neural Operator,2026-06-13,True,True,ai-ml-plasma-physics,,目录覆盖
R133,Bayesian optimization of double-pulse temporal shaping for enhanced target-normal-sheath proton acceleration under fixed laser energy,2026-06-14,True,True,laser-plasma-acceleration;laser-accelerated-beam-applications;pic-and-plasma-simulation;ai-ml-plasma-physics;experimental-platforms-diagnostics,01-laser-plasma-acceleration.md;06-ai-ml-plasma.md,正文引用
R134,On modeling energetic electrons in laser fusion plasmas,2026-06-14,True,True,hedp-icf-laboratory-astrophysics;pic-and-plasma-simulation,04-hedp-icf-astrophysics.md,正文引用
R135,Ionization-Induced Electrostatic Hose Instability in Electron-Beam-Sustained Plasmas,2026-06-15,True,True,laser-plasma-acceleration;pic-and-plasma-simulation,01-laser-plasma-acceleration.md,正文引用
R136,Quasiparticles and ion cooling by an electron beam in a strong magnetic field,2026-06-15,True,True,laser-plasma-acceleration,,目录覆盖
R137,Plasma wakes driven by Compton scattering: nonlinear regime and particle acceleration,2026-06-16,True,True,laser-plasma-acceleration;strong-field-qed-radiation;pic-and-plasma-simulation,,目录覆盖
R138,Stable and tunable MeV γ-ray generation via dual-laser inverse Thomson scattering from a laser-plasma accelerator,2026-06-16,True,True,laser-plasma-acceleration;laser-accelerated-beam-applications;strong-field-qed-radiation;experimental-platforms-diagnostics,02-beam-applications.md;08-platforms-diagnostics.md,正文引用
R139,Latent Residual-Closure Fourier Neural Operator for Robust Multi-Field Solving in Particle-in-Cell Simulations,2026-06-16,True,True,pic-and-plasma-simulation;ai-ml-plasma-physics,06-ai-ml-plasma.md;10-outlook-learning.md,正文引用
R140,Wake Perturbations in Laser- and Beam-Driven Plasma Wakefield Accelerators: A Symmetry-Based Multipole Classification,2026-06-17,True,True,laser-plasma-acceleration;ai-ml-plasma-physics,01-laser-plasma-acceleration.md,正文引用
R141,Bayesian optimization of stellarator alpha-particle confinement using data-informed parameter spaces and dimensionality reduction,2026-06-17,True,True,ai-ml-plasma-physics;magnetic-fusion-and-alpha-particles,06-ai-ml-plasma.md;07-magnetic-fusion.md,正文引用
R142,Impact of energetic alpha particles on core turbulence in an ARC-class fusion power plant,2026-06-18,True,True,hedp-icf-laboratory-astrophysics;pic-and-plasma-simulation;magnetic-fusion-and-alpha-particles,07-magnetic-fusion.md,正文引用
R143,Caustic-Driven Fluidic Microlenses for Enhanced Nonlinear and High-Energy-Density Physics,2026-06-18,True,True,hedp-icf-laboratory-astrophysics;experimental-platforms-diagnostics,,目录覆盖
R144,Dephasingless laser wakefield acceleration in a plasma waveguide,2026-06-18,True,True,laser-plasma-acceleration;pic-and-plasma-simulation,01-laser-plasma-acceleration.md,正文引用
R145,Effect of Noise on Spatio-Temporal Evolution of Current Filamentation Instability in Relativistic Beam-Plasma Systems,2026-06-19,True,True,pic-and-plasma-simulation,05-pic-kinetic-simulation.md,正文引用
R146,Geometric numerical discretization of electromagnetic quasineutral models,2026-06-19,True,True,pic-and-plasma-simulation,05-pic-kinetic-simulation.md,正文引用
R147,Plasma Flow Generation and Particle Acceleration from Expanding Magnetic Bubbles,2026-06-20,True,True,laser-plasma-acceleration;hedp-icf-laboratory-astrophysics;pic-and-plasma-simulation,04-hedp-icf-astrophysics.md,正文引用
R148,Analytical calculation of the spectrum of nonlinear Compton scattering beyond local approximations,2026-06-21,True,True,laser-accelerated-beam-applications;strong-field-qed-radiation,03-strong-field-qed.md,正文引用
R149,Plasma flow and equilibrium in the magnetic nozzle,2026-06-22,True,True,general-plasma-and-methods,07-magnetic-fusion.md;09-general-plasma.md,正文引用
R150,Observation of stopping power reduction at strong ion-plasma coupling,2026-06-22,True,True,laser-accelerated-beam-applications;hedp-icf-laboratory-astrophysics,02-beam-applications.md;04-hedp-icf-astrophysics.md,正文引用
R151,Multi-objective Bayesian optimisation of a double-layer target for quasi-monoenergetic TNSA protons,2026-06-22,True,True,laser-plasma-acceleration;laser-accelerated-beam-applications;ai-ml-plasma-physics;experimental-platforms-diagnostics,01-laser-plasma-acceleration.md;02-beam-applications.md;06-ai-ml-plasma.md,正文引用
R152,Data analysis methods for powder x-ray diffraction intensity under laser-driven dynamic compression at Omega and NIF laser facilities,2026-06-22,True,True,hedp-icf-laboratory-astrophysics;experimental-platforms-diagnostics,04-hedp-icf-astrophysics.md;08-platforms-diagnostics.md,正文引用
R153,Atmospheric carbon-14 production from neutron leakage in fusion energy systems,2026-06-22,True,True,laser-accelerated-beam-applications;hedp-icf-laboratory-astrophysics;experimental-platforms-diagnostics,07-magnetic-fusion.md,正文引用
R154,Measurements of Bremsstrahlung-Averaged Cross Sections for Reactions on Natural Nickel Targets at Eendpoint = 40MeV,2026-06-22,True,True,laser-accelerated-beam-applications;experimental-platforms-diagnostics,02-beam-applications.md,正文引用
R155,The science of compressional heating on the LM26 magnetized target fusion experiment,2026-06-22,True,True,laser-accelerated-beam-applications;hedp-icf-laboratory-astrophysics;magnetic-fusion-and-alpha-particles;experimental-platforms-diagnostics,,目录覆盖
R156,Evolution of Quadrupole Wakefield Driven by Transversely Asymmetric Electron Beams in Hollow Plasma Channels,2026-06-23,True,True,laser-plasma-acceleration;strong-field-qed-radiation;pic-and-plasma-simulation,01-laser-plasma-acceleration.md,正文引用
R157,A toroidally spectral field solver in the X-point Gyrokinetic Code for accurate simulation of reduced magneto-hydrodynamic modes,2026-06-23,True,True,pic-and-plasma-simulation;ai-ml-plasma-physics;magnetic-fusion-and-alpha-particles,05-pic-kinetic-simulation.md;07-magnetic-fusion.md,正文引用
R158,Effects of External Magnetic Field on Hot Electrons Transport in the Shock Ignition Scheme,2026-06-24,True,True,hedp-icf-laboratory-astrophysics;experimental-platforms-diagnostics,04-hedp-icf-astrophysics.md,正文引用
R159,Nanosecond-resolved 266 nm Mach-Zehnder interferometry for electron-density measurements of dense plasmas generated in supercritical fluids,2026-06-24,True,True,experimental-platforms-diagnostics,08-platforms-diagnostics.md,正文引用
R160,Numerical thermalization in $n$-D particle-in-cell simulations,2026-06-24,True,True,pic-and-plasma-simulation,05-pic-kinetic-simulation.md,正文引用
R161,Laser-intensity-spike-dominated hot electron generation from two-plasmon decay instability driven by moderate-bandwidth pulses,2026-06-24,True,True,hedp-icf-laboratory-astrophysics,04-hedp-icf-astrophysics.md,正文引用
R162,Single-Shot Intensity-Correlation Diffractive X-ray Imaging of ICF Plasmas,2026-06-24,True,True,hedp-icf-laboratory-astrophysics;experimental-platforms-diagnostics,04-hedp-icf-astrophysics.md;08-platforms-diagnostics.md,正文引用
R163,"Gamma spectrometry with CsI(Tl), NaI(Tl) and CdWO4 scintillation crystals using a silicon photomultiplier",2026-06-25,True,True,laser-accelerated-beam-applications;experimental-platforms-diagnostics,02-beam-applications.md;08-platforms-diagnostics.md,正文引用
R164,Two-and-a-half dimensional symplectic space-charge solver,2026-06-25,True,True,pic-and-plasma-simulation,05-pic-kinetic-simulation.md,正文引用
R165,Systematic Derivation of Reliable Wake Functions for Complex Structures from Mesh-Based Wakefield Simulations,2026-06-25,True,True,laser-plasma-acceleration;pic-and-plasma-simulation,,目录覆盖
R166,"Half-Life Measurements of 110Sn, 113Sn, 117mSn, and 123mSn Produced via Photon Activation of Natural Tin",2026-06-25,True,True,laser-accelerated-beam-applications,02-beam-applications.md,正文引用
R167,Plugging of multi-mirror machines by a travelling rotating magnetic field,2026-06-26,True,True,general-plasma-and-methods,09-general-plasma.md,正文引用
R168,High-Performance Resilient Multi-GPU Hybrid Particle-in-Cell Monte Carlo Simulations at Scale,2026-06-26,True,True,pic-and-plasma-simulation,05-pic-kinetic-simulation.md,正文引用
R169,Detecting Quantum Stochastic Effects in Radiation Reaction via Laser-Produced Surface QED Plasmas,2026-06-28,True,True,strong-field-qed-radiation;pic-and-plasma-simulation,03-strong-field-qed.md,正文引用
R170,Bidirectional Autoregressive Latent Diffusion for Forward and Inverse Magnetohydrodynamics,2026-06-28,True,True,hedp-icf-laboratory-astrophysics;ai-ml-plasma-physics;experimental-platforms-diagnostics,06-ai-ml-plasma.md,正文引用
R171,Overview of GOL-NB experiments in 2025,2026-06-29,True,True,experimental-platforms-diagnostics,,目录覆盖
R172,Non-linear control variate in δf particle-in-cell methods using symplectic neural networks,2026-06-29,True,True,pic-and-plasma-simulation;ai-ml-plasma-physics,05-pic-kinetic-simulation.md;06-ai-ml-plasma.md,正文引用
R173,"An Enhanced RPA-LDA Model for Ion Stopping Power from Cold Matter to High-Energy Density Plasmas: A Unified, Open-Source Framework",2026-06-29,True,True,laser-accelerated-beam-applications;hedp-icf-laboratory-astrophysics;magnetic-fusion-and-alpha-particles,02-beam-applications.md;04-hedp-icf-astrophysics.md,正文引用
R174,Reexamination of collisional ionization cross sections including double photoionization processes,2026-07-01,True,True,general-plasma-and-methods,09-general-plasma.md,正文引用
R175,Development of a thin-target hard X-ray bremsstrahlung detection system to study confined runaway electrons in Aditya-U Tokamak,2026-07-01,True,True,laser-accelerated-beam-applications;magnetic-fusion-and-alpha-particles;experimental-platforms-diagnostics,07-magnetic-fusion.md,正文引用
R176,Transiently Driven Reflectionless Resonant Microwave Plasmas via Virtual Critical Coupling,2026-07-02,True,True,general-plasma-and-methods,09-general-plasma.md,正文引用
R177,Brilliant multi-GeV Compton gamma-ray source seeded by a photon accelerator,2026-07-02,True,True,laser-plasma-acceleration;laser-accelerated-beam-applications;strong-field-qed-radiation,,目录覆盖
R178,Hyper Boris integrators for kinetic plasma simulations and their connection to 3D rotation representations,2026-07-05,True,True,pic-and-plasma-simulation,05-pic-kinetic-simulation.md,正文引用
R179,Opacity predictions in plasmas under stellar conditions using deep learning,2026-07-06,True,True,ai-ml-plasma-physics;hedp-icf-laboratory-astrophysics;general-plasma-and-methods,04-hedp-icf-astrophysics.md;09-general-plasma.md,正文引用
R180,Deep Learning Models for ADITYA-U MHD Equilibrium,2026-07-06,True,True,ai-ml-plasma-physics,,目录覆盖
R181,"Quasi mono-energetic, relativistic electron acceleration in a femtosecond, high intensity laser excited solid magnet",2026-07-06,True,True,laser-plasma-acceleration,,目录覆盖
R182,Enhanced fast-electron generation by optimizing the crossing point of two picosecond laser pulses with large angles,2026-07-07,True,True,hedp-icf-laboratory-astrophysics;pic-and-plasma-simulation;experimental-platforms-diagnostics,,目录覆盖
R183,Hot Spot Evolution Measured by High-Resolution X-Ray Spectroscopy at the National Ignition Facility,2026-07-07,True,True,general-plasma-and-methods,,目录覆盖
R184,Mega-Gauss Plasma Jet Creation Using a Ring of Laser Beams,2026-07-07,True,True,general-plasma-and-methods,,目录覆盖
R185,Absolute Calibration of a Time-Resolved High Resolution X-ray Spectrometer for the National Ignition Facility (invited),2026-07-07,True,True,hedp-icf-laboratory-astrophysics;experimental-platforms-diagnostics,04-hedp-icf-astrophysics.md;08-platforms-diagnostics.md,正文引用
R186,Dependence of Particle Acceleration Efficiency on Shock Velocity in Weakly Magnetized Electron-Ion Shocks,2026-07-07,True,True,laser-plasma-acceleration;hedp-icf-laboratory-astrophysics;pic-and-plasma-simulation,04-hedp-icf-astrophysics.md,正文引用
R187,Characterizing an inverse Compton X-ray source and determining its electron beam parameters using a genetic algorithm,2026-07-07,True,True,laser-plasma-acceleration;strong-field-qed-radiation;experimental-platforms-diagnostics,,目录覆盖
R188,Exact 1D Nonlinear Solutions for Proton-Driven Plasma Wakefields: Benchmarking Against AWAKE Data Envelopes,2026-07-07,True,True,laser-plasma-acceleration;laser-accelerated-beam-applications,01-laser-plasma-acceleration.md,正文引用
R189,Ultrafast proton radiography of the magnetic fields generated by a laser-driven coil current,2026-07-08,True,True,laser-accelerated-beam-applications,02-beam-applications.md,正文引用
R190,Terahertz Generation through Photon Deceleration of Long-Wavelength Infrared Laser Pulses in Plasma,2026-07-08,True,True,general-plasma-and-methods,09-general-plasma.md,正文引用
R191,Observation of Self-Similarity in the Magnetic Fields Generated by the Ablative Nonlinear Rayleigh-Taylor Instability,2026-07-08,True,True,hedp-icf-laboratory-astrophysics,04-hedp-icf-astrophysics.md,正文引用
R192,TeV Electron Beams from Plasma Acceleration via Regenerative Cascading,2026-07-08,True,True,laser-plasma-acceleration,,目录覆盖
R193,Multi-GeV Electron Combs from a Plasma Wakefield Accelerator,2026-07-09,True,True,laser-plasma-acceleration,,目录覆盖
R194,Photon Acceleration in Magnetized Plasma: A Mechanism for Fast Radio Bursts,2026-07-09,True,True,laser-plasma-acceleration;hedp-icf-laboratory-astrophysics;experimental-platforms-diagnostics,,目录覆盖
R195,Precision mapping of laser-driven magnetic fields and their evolution in high-energy-density plasmas,2026-07-09,True,True,hedp-icf-laboratory-astrophysics,04-hedp-icf-astrophysics.md,正文引用
R196,Filamentation Suppression and Efficiency Enhancement in Backward Raman Amplification via Structured Plasma,2026-07-10,True,True,hedp-icf-laboratory-astrophysics;experimental-platforms-diagnostics,04-hedp-icf-astrophysics.md,正文引用
R197,TokaGrad: End-to-end differentiable tokamak simulator for L-to-H full scenario optimization,2026-07-10,True,True,pic-and-plasma-simulation;ai-ml-plasma-physics;magnetic-fusion-and-alpha-particles,06-ai-ml-plasma.md;07-magnetic-fusion.md,正文引用
R198,"Tens of MeV, collimated, bright fluxes of protons from ordered nano-structured targets in ultra-relativistic laser-matter interaction",2026-07-10,True,True,laser-plasma-acceleration;laser-accelerated-beam-applications;pic-and-plasma-simulation;experimental-platforms-diagnostics,01-laser-plasma-acceleration.md,正文引用
R199,On the generation of astrophysically-relevant intermittent magnetic turbulence in the laboratory,2026-07-10,True,True,laser-plasma-acceleration;laser-accelerated-beam-applications;hedp-icf-laboratory-astrophysics,04-hedp-icf-astrophysics.md,正文引用
R200,Investigation of transverse instability in efficient plasma-based accelerators,2026-07-11,True,True,laser-plasma-acceleration;pic-and-plasma-simulation,01-laser-plasma-acceleration.md,正文引用
R201,"On the evolution of a large-amplitude, weakly collisional electron plasma wave",2026-07-13,True,True,pic-and-plasma-simulation,,目录覆盖
R202,Efficient hot electron generation via low-coherence lasers,2026-07-13,True,True,hedp-icf-laboratory-astrophysics,04-hedp-icf-astrophysics.md,正文引用
R203,Toward AI-Agent-Driven Particle Transport Simulations: Implementation of AI-Assisted Workflows for PHITS,2026-07-13,True,True,laser-accelerated-beam-applications;pic-and-plasma-simulation;experimental-platforms-diagnostics,02-beam-applications.md,正文引用
R204,Automated Outlier-Robust Bayesian Profile Fitting for Magnetically Confined Plasmas with Modified Tanh Profiles and Good-and-Bad Gaussian Mixture Likelihoods,2026-07-13,True,True,ai-ml-plasma-physics;experimental-platforms-diagnostics,06-ai-ml-plasma.md,正文引用
R205,Nonlinear Enhancement of Laser-Foil Coupling and Secondary Sources under Irradiation by Dual Picosecond Petawatt Pulses,2026-07-14,True,True,laser-plasma-acceleration;laser-accelerated-beam-applications;pic-and-plasma-simulation,,目录覆盖
R206,Radiation reaction measurements via single-shot energy-loss determination in high-intensity laser-electron collisions,2026-07-14,True,True,strong-field-qed-radiation;experimental-platforms-diagnostics,03-strong-field-qed.md;08-platforms-diagnostics.md,正文引用
R207,Impact of Residual Angular Chirp in a Petawatt-class Laser System on Laser-driven Proton Acceleration,2026-07-14,True,True,laser-plasma-acceleration;laser-accelerated-beam-applications,01-laser-plasma-acceleration.md;02-beam-applications.md,正文引用
R208,Single-Shot High-Energy Muon and Particle Radiography with a Multi-GeV Laser-Wakefield-Accelerator-Driven Source,2026-07-14,True,True,laser-plasma-acceleration;experimental-platforms-diagnostics,02-beam-applications.md,正文引用
R209,λPIC: A callback-centric particle-in-cell framework,2026-07-15,True,True,pic-and-plasma-simulation,05-pic-kinetic-simulation.md,正文引用
R210,Neutron-source fidelity for laser-driven D--D lithium-blanket tritium-breeding tests,2026-07-15,True,True,laser-accelerated-beam-applications;hedp-icf-laboratory-astrophysics;pic-and-plasma-simulation,02-beam-applications.md,正文引用
R211,Dual-pulse micronozzle acceleration of sub-GeV-class protons,2026-07-15,True,True,laser-plasma-acceleration;laser-accelerated-beam-applications;pic-and-plasma-simulation;experimental-platforms-diagnostics,01-laser-plasma-acceleration.md,正文引用
R212,A structure-preserving Numerical Method for the Compressible Resistive-Hall-MHD System,2026-07-15,True,True,pic-and-plasma-simulation,05-pic-kinetic-simulation.md,正文引用
R213,An end-to-end quantum algorithm for weakly nonlinear plasma physics with superquadratic speedup,2026-07-15,True,True,strong-field-qed-radiation;pic-and-plasma-simulation,,目录覆盖
R214,Microwave Resonant Discharges for Spatiotemporally Selective Plasma Breakdown Near Surfaces,2026-07-16,True,True,experimental-platforms-diagnostics,,目录覆盖
R215,Parameter Scan of Multi-Fluid Equilibria in Rotating p-11B Plasmas: Effects on Fusion Power and Bremsstrahlung Losses,2026-07-16,True,True,laser-accelerated-beam-applications;hedp-icf-laboratory-astrophysics,,目录覆盖
R216,An asymptotic-preserving five-moment two-species plasma model coupled to an external magnetohydrodynamic solver,2026-07-16,True,True,pic-and-plasma-simulation,,目录覆盖
R217,Experimental demonstration of Flying-Focus enhanced Thomson scattering,2026-07-17,True,True,laser-plasma-acceleration;experimental-platforms-diagnostics,08-platforms-diagnostics.md,正文引用
R218,Surrogate modeling of drift-reduced Braginskii turbulence with resistivity-conditioned Koopman neural operators,2026-07-17,True,True,ai-ml-plasma-physics,06-ai-ml-plasma.md,正文引用
R219,Absolute charge calibration of DRZ phosphor screens for relativistic electron bunches,2026-07-19,True,True,laser-plasma-acceleration;experimental-platforms-diagnostics,01-laser-plasma-acceleration.md;08-platforms-diagnostics.md,正文引用
R220,Combined tools for Particle-In-Cell simulations performed with transversely asymmetric chirped lasers,2026-07-21,True,True,laser-plasma-acceleration;pic-and-plasma-simulation,,目录覆盖
R221,Exploring Self-Organization of Charged Dust Dimers in Plasma,2026-07-21,True,True,general-plasma-and-methods,09-general-plasma.md,正文引用
R222,Experimental determination of the Dalitz plot for positronium decay using the J-PET detection system,2026-07-21,True,True,strong-field-qed-radiation;experimental-platforms-diagnostics,,目录覆盖
R223,Design Study of an Endless RF Phase Shifter Using Ferroelectric Capacitors,2026-07-21,True,True,laser-plasma-acceleration,,目录覆盖
R224,Experimental Investigation of laser driven proton bunching with plastic foil targets,2026-07-22,True,True,laser-accelerated-beam-applications;experimental-platforms-diagnostics,01-laser-plasma-acceleration.md;02-beam-applications.md,正文引用
R225,"Reduced-order non-self-consistent Monte Carlo simulation of a planar magnetron discharge: electron heating, recapture and racetrack formation",2026-07-22,True,True,pic-and-plasma-simulation;ai-ml-plasma-physics,,目录覆盖
R226,Capabilities and Limitations of Non-Redundant Aperture Interferometry for Beam Size Measurements,2026-07-22,True,True,experimental-platforms-diagnostics,08-platforms-diagnostics.md,正文引用
R227,A low-temperature plasma collisional framework for quadrature-based moment methods,2026-07-22,True,True,ai-ml-plasma-physics,,目录覆盖
R228,Parametric Decay of Broadband Lower Hybrid Waves,2026-07-22,True,True,hedp-icf-laboratory-astrophysics;magnetic-fusion-and-alpha-particles,07-magnetic-fusion.md,正文引用
R229,Observation and Mitigation of Kelvin-Helmholtz Instability-Driven Gold Contamination in Double-Cone Ignition,2026-07-23,True,True,general-plasma-and-methods,10-outlook-learning.md,正文引用
R230,Enhanced inverse Compton scattering via spontaneous focusing induced by a coated plasma mirror,2026-07-23,True,True,laser-plasma-acceleration;laser-accelerated-beam-applications;strong-field-qed-radiation;pic-and-plasma-simulation;experimental-platforms-diagnostics,02-beam-applications.md,正文引用
R231,"yancc: A GPU-accelerated, differentiable solver for neoclassical transport in tokamaks and stellarators",2026-07-23,True,True,pic-and-plasma-simulation;magnetic-fusion-and-alpha-particles,07-magnetic-fusion.md,正文引用
R232,Statistical Analysis of Speckle Fields,2026-07-23,True,True,hedp-icf-laboratory-astrophysics,04-hedp-icf-astrophysics.md,正文引用
R233,Plasma screening and configuration interaction effects induced large enhancement on L-shell photoionization cross sections and opacity,2026-07-23,True,True,hedp-icf-laboratory-astrophysics,04-hedp-icf-astrophysics.md,正文引用
R234,Langmuir probe and infrared thermography measurements of wide and narrow heat flux profiles in the ST40 tokamak,2026-07-23,True,True,magnetic-fusion-and-alpha-particles;experimental-platforms-diagnostics,07-magnetic-fusion.md,正文引用
R235,Cycle-Consistent and Uncertainty-Aware Neural Surrogates for Tokamak Edge Plasmas,2026-07-23,True,True,ai-ml-plasma-physics;magnetic-fusion-and-alpha-particles,06-ai-ml-plasma.md;07-magnetic-fusion.md,正文引用
R236,A Multi-Species Reactive-Boltzmann Formulation for Self-Consistent Kinetic Simulation of Burning Fusion Plasmas,2026-07-23,True,True,hedp-icf-laboratory-astrophysics;pic-and-plasma-simulation,04-hedp-icf-astrophysics.md;05-pic-kinetic-simulation.md,正文引用
R237,Energy-resolved measurement of individual GeV muon tracks generated by electrons from a compact Laser-Plasma Accelerator,2026-07-23,True,True,laser-plasma-acceleration,02-beam-applications.md,正文引用
R238,LoKI-GM: a global model framework for plasma chemistry studies,2026-07-23,True,True,pic-and-plasma-simulation,,目录覆盖
R239,First Observation of Fishbone-Driven Zonal Flows with Fine Reversed Structure in Tokamak Plasmas,2026-07-24,True,True,pic-and-plasma-simulation;magnetic-fusion-and-alpha-particles,07-magnetic-fusion.md,正文引用
R240,Generalized Theory of Blowout-Regime Plasma Wakefields via a Lagrangian Formulation,2026-07-24,True,True,laser-plasma-acceleration;pic-and-plasma-simulation,01-laser-plasma-acceleration.md,正文引用
R241,Quasistatic modeling of ultrarelativistic beam-plasma instabilities,2026-07-27,True,True,pic-and-plasma-simulation,05-pic-kinetic-simulation.md,正文引用
R242,"Impact of ion-electron collisions on nonlocal ion heat conduction, viscous stress, and diffusion",2026-07-27,True,True,hedp-icf-laboratory-astrophysics,04-hedp-icf-astrophysics.md,正文引用
R243,Implementation and verification of the avalanche source in a 3D full-f particle-in-cell model of relativistic electrons for studies of tokamak disruptions,2026-07-27,True,True,pic-and-plasma-simulation;magnetic-fusion-and-alpha-particles,05-pic-kinetic-simulation.md;07-magnetic-fusion.md,正文引用
R244,Enhanced alpha channeling with spin-polarized fuel,2026-07-28,True,True,hedp-icf-laboratory-astrophysics,07-magnetic-fusion.md,正文引用
R245,Reconciling chemical models of X-ray Thomson Scattering with the Bethe f-sum rule,2026-07-28,True,True,experimental-platforms-diagnostics,,目录覆盖
R246,Laser power transmission in space: Plasma-based power cell,2026-07-28,True,True,pic-and-plasma-simulation,,目录覆盖
R247,Calibration of scintillator-based X-ray detectors for broadband laser-driven X-ray radiation,2026-07-28,True,True,laser-plasma-acceleration,02-beam-applications.md,正文引用
R248,"Photonuclear Neutron Production in OpenMC: Verification Against MCNPX, FLUKA, and a First-Collision Analytical Solution",2026-07-28,True,True,laser-accelerated-beam-applications,02-beam-applications.md,正文引用
R249,Quasi-static transverse electric field driven electron acceleration in relativistic laser matter interaction,2026-07-28,True,True,laser-plasma-acceleration;pic-and-plasma-simulation,,目录覆盖
R250,Phase control of multi-photon electron-positron pair creation from vacuum,2026-07-29,True,True,strong-field-qed-radiation,03-strong-field-qed.md,正文引用
R251,Measurement of multiple mechanical properties from multi-dimensional signals in nanosecond laser ablation via PINN,2026-07-29,True,True,hedp-icf-laboratory-astrophysics;ai-ml-plasma-physics;experimental-platforms-diagnostics,,目录覆盖
R252,Start-to-end optimization framework for free-electron lasers driven by laser wakefield accelerators,2026-07-30,True,True,laser-plasma-acceleration;pic-and-plasma-simulation,02-beam-applications.md;06-ai-ml-plasma.md;10-outlook-learning.md,正文引用
R253,Energetic helical electron-bunch generation driven by a light spring wakefield,2026-07-30,True,True,laser-plasma-acceleration;pic-and-plasma-simulation,01-laser-plasma-acceleration.md,正文引用
R254,Electromagnetically Driven Thermal Dissipation Scaling in Plasma Centrifuges for Mass Separation,2026-07-30,True,True,laser-accelerated-beam-applications,,目录覆盖
R255,Variational Formulation of a Hybrid Kinetic and Gyrokinetic Model for Astrophysical and Laboratory Plasmas,2026-07-30,True,True,pic-and-plasma-simulation;magnetic-fusion-and-alpha-particles,05-pic-kinetic-simulation.md;07-magnetic-fusion.md,正文引用
R256,A Neural Operator Closure for Landau Damping in Electrostatic Plasma,2026-07-31,True,True,pic-and-plasma-simulation;ai-ml-plasma-physics,06-ai-ml-plasma.md;10-outlook-learning.md,正文引用
R257,Photon Orbital Angular Momentum Control by Electron Wavepackets in Nonlinear Compton Scattering,2026-08-02,True,True,laser-accelerated-beam-applications;strong-field-qed-radiation,03-strong-field-qed.md,正文引用
R258,Detailed study of non-equilibrium characteristics of quasi-neutral TNSA plasmas,2026-08-03,True,True,laser-accelerated-beam-applications,,目录覆盖
R259,Laser–plasma amplification of an ultrabroadband laser pulse to 0.3 TW,2026-08-03,True,True,pic-and-plasma-simulation;experimental-platforms-diagnostics,,目录覆盖
R260,Generation of dense relativistic electron beams via vortex laser-driven self-generated magnetic pinching,2026-08-04,True,True,laser-plasma-acceleration,01-laser-plasma-acceleration.md,正文引用
R261,Generation-Resolved Signatures in QED Cascades: Diagnostics for Ultraintense Laser Parameters,2026-08-04,True,True,strong-field-qed-radiation;experimental-platforms-diagnostics,03-strong-field-qed.md,正文引用
R262,Development of Thomson parabola spectrometer for diagnostics of ions driven by ultrahigh intensity laser: Simulations and numerical analysis,2026-08-04,True,True,pic-and-plasma-simulation;experimental-platforms-diagnostics,08-platforms-diagnostics.md,正文引用
R263,Polarization-resolved attosecond gamma-ray emission from few-cycle laser interactions with cone targets,2026-08-05,True,True,laser-accelerated-beam-applications;strong-field-qed-radiation;experimental-platforms-diagnostics,03-strong-field-qed.md,正文引用
R264,Laser-Plasma Accelerator Beams in Light Sources: Femtosecond High-Brightness Radiation through Chirped Pulse Injection,2026-08-05,True,True,laser-plasma-acceleration,02-beam-applications.md,正文引用
R265,A plasma photocathode for spin-polarized electron beams using excited hydrogen halides,2026-08-05,True,True,laser-plasma-acceleration,01-laser-plasma-acceleration.md,正文引用
R266,Building a Start-to-End Model of the CESR Injector Linac,2026-08-05,True,True,laser-plasma-acceleration;laser-accelerated-beam-applications;strong-field-qed-radiation;ai-ml-plasma-physics,,目录覆盖
R267,Achieving High Efficiency And Enhanced Beam Quality In Laser Wakefield Acceleration,2026-08-06,True,True,laser-plasma-acceleration;pic-and-plasma-simulation;ai-ml-plasma-physics,01-laser-plasma-acceleration.md,正文引用
R268,Millisecond-Scale Neural Operator Surrogates for Double-Null Free-Boundary Grad-Shafranov Equilibria,2026-08-06,True,True,hedp-icf-laboratory-astrophysics;pic-and-plasma-simulation;ai-ml-plasma-physics;magnetic-fusion-and-alpha-particles,06-ai-ml-plasma.md;07-magnetic-fusion.md,正文引用
R269,BORAY-3D: A ray tracing code for three-dimensional magnetized plasma configurations,2026-08-06,True,True,hedp-icf-laboratory-astrophysics;magnetic-fusion-and-alpha-particles,07-magnetic-fusion.md,正文引用
R270,SafeDivertor: Faithful Divertor Heat Flux Reconstruction from Macroscopic Plasma State Signals via Time-Frequency Prior Exploitation,2026-08-06,True,True,hedp-icf-laboratory-astrophysics;pic-and-plasma-simulation;ai-ml-plasma-physics;magnetic-fusion-and-alpha-particles;experimental-platforms-diagnostics,06-ai-ml-plasma.md;07-magnetic-fusion.md,正文引用
R271,Net electron spin rotation in a plane-wave pulse: Holonomy set by the anomalous magnetic moment,2026-08-06,True,True,laser-plasma-acceleration;strong-field-qed-radiation,03-strong-field-qed.md,正文引用
R272,Polarization-Conditioned Fourier-enhanced DeepONet for Electric Field Reconstruction from EFISH Measurements,2026-08-06,True,True,ai-ml-plasma-physics;experimental-platforms-diagnostics,06-ai-ml-plasma.md,正文引用
R273,Validation of hybrid-PIC Simulations for Advanced Beam-Driven FRC Modeling,2026-08-07,True,True,laser-plasma-acceleration;hedp-icf-laboratory-astrophysics;pic-and-plasma-simulation;experimental-platforms-diagnostics,05-pic-kinetic-simulation.md,正文引用
R274,Effect of nonuniform density structure on burn-up ratio of multi-shock-compressed DT fuel in fast ignition,2026-08-07,True,True,hedp-icf-laboratory-astrophysics;pic-and-plasma-simulation,04-hedp-icf-astrophysics.md,正文引用
R275,Terahertz-based longitudinal phase space diagnostics of laser wakefield accelerated electron beams,2026-08-09,True,True,laser-plasma-acceleration;experimental-platforms-diagnostics,01-laser-plasma-acceleration.md;08-platforms-diagnostics.md,正文引用
R276,Energy-optimized scaling laws for self-guided laser wakefield accelerators,2026-08-09,True,True,laser-plasma-acceleration;pic-and-plasma-simulation;ai-ml-plasma-physics,01-laser-plasma-acceleration.md,正文引用
R277,High-energy electron-positron beam collisions with large-angle disruptions,2026-08-11,True,True,strong-field-qed-radiation;pic-and-plasma-simulation,03-strong-field-qed.md,正文引用
R278,Machine-learning surrogate models for nonlinear energetic-particle transport predictions in ITER,2026-08-11,True,True,ai-ml-plasma-physics;magnetic-fusion-and-alpha-particles,06-ai-ml-plasma.md;07-magnetic-fusion.md;10-outlook-learning.md,正文引用
R279,Reconstructive AI Spectroscopy of Charged Particle Beams,2026-08-12,True,True,laser-plasma-acceleration;ai-ml-plasma-physics;experimental-platforms-diagnostics,01-laser-plasma-acceleration.md;06-ai-ml-plasma.md;08-platforms-diagnostics.md,正文引用
R280,Measurements of Laser-Driven Plasma Expansion into Hohlraum-Relevant Background Gas,2026-08-12,True,True,laser-accelerated-beam-applications;hedp-icf-laboratory-astrophysics,04-hedp-icf-astrophysics.md,正文引用
R281,Monoenergetic acceleration of charge-neutralized ion bunches to GeV-scale energies by the combination of a high-current electron beam and an ionization front,2026-08-12,True,True,laser-plasma-acceleration;pic-and-plasma-simulation,01-laser-plasma-acceleration.md,正文引用
R282,"Ultrafast Tracking of the Spallation Layer in Bulk Gold, Aluminum, and Steel",2026-08-13,True,True,experimental-platforms-diagnostics,,目录覆盖
R283,Limitations of post accelerating ion beams using the snowplow field in a near-critical density target,2026-08-14,True,True,laser-plasma-acceleration;laser-accelerated-beam-applications;pic-and-plasma-simulation;experimental-platforms-diagnostics,01-laser-plasma-acceleration.md,正文引用
R284,Relative and absolute dosimetric commissioning of the ELIMAIA--ELIMED laser-driven proton beamline at 23.45 MeV,2026-08-15,True,True,laser-accelerated-beam-applications;experimental-platforms-diagnostics,02-beam-applications.md;08-platforms-diagnostics.md,正文引用
R285,Microcoulomb-level electron beam and multi-Joule hard X-rays driven by a high-efficiency laser-plasma accelerator,2026-08-17,True,True,laser-plasma-acceleration;laser-accelerated-beam-applications;hedp-icf-laboratory-astrophysics;pic-and-plasma-simulation;experimental-platforms-diagnostics,01-laser-plasma-acceleration.md;02-beam-applications.md,正文引用
R286,Bayesian Optimization of Molybdenum-99 Production by Laser Wakefield Acceleration Using Coupled PIC and Monte Carlo Simulations,2026-08-17,True,True,laser-plasma-acceleration;laser-accelerated-beam-applications;pic-and-plasma-simulation;ai-ml-plasma-physics,02-beam-applications.md;06-ai-ml-plasma.md;10-outlook-learning.md,正文引用
R287,Field deployment of a laser wakefield accelerator for on-site application,2026-08-18,True,True,laser-plasma-acceleration;laser-accelerated-beam-applications;experimental-platforms-diagnostics,02-beam-applications.md;08-platforms-diagnostics.md,正文引用
R288,Bright dual-pulse betatron X-ray generation from a laser wakefield accelerator,2026-08-18,True,True,laser-plasma-acceleration;hedp-icf-laboratory-astrophysics;pic-and-plasma-simulation,02-beam-applications.md,正文引用
R289,Tunable high-charge relativistic electron beams via direct laser acceleration in hohlraum-preheated foam targets,2026-08-18,True,True,laser-plasma-acceleration;laser-accelerated-beam-applications;hedp-icf-laboratory-astrophysics;pic-and-plasma-simulation;experimental-platforms-diagnostics,01-laser-plasma-acceleration.md,正文引用
R290,Control of Magnetic Reconnection in High Energy Density Plasmas,2026-08-18,True,True,hedp-icf-laboratory-astrophysics;pic-and-plasma-simulation,04-hedp-icf-astrophysics.md;09-general-plasma.md,正文引用
R291,Neural network predictions of plasma confinement loss in Wendelstein 7-X pellet-fueled discharges,2026-08-18,True,True,ai-ml-plasma-physics;magnetic-fusion-and-alpha-particles,07-magnetic-fusion.md,正文引用
R292,Plasma dynamics near the magnetic X-point of the two-wire model: Theory and Simulation,2026-08-18,True,True,pic-and-plasma-simulation,,目录覆盖
R293,Comparative study of nonperturbative electron-positron pair production by intense laser fields colliding with either bremsstrahlung gamma-rays or relativistic ions,2026-08-19,True,True,laser-accelerated-beam-applications;strong-field-qed-radiation;experimental-platforms-diagnostics,03-strong-field-qed.md,正文引用
R294,Informing spectral models for dense plasmas with K-edge absorption measurements of warm dense copper,2026-08-19,True,True,pic-and-plasma-simulation,08-platforms-diagnostics.md,正文引用
R295,Characterizing the temporal evolution of Biermann-battery-driven magnetic reconnection in laser-ablated plasmas,2026-08-20,True,True,hedp-icf-laboratory-astrophysics,04-hedp-icf-astrophysics.md;09-general-plasma.md,正文引用
R296,Revisiting the Growth Rate of the Relativistic Tearing Instability: The Role of the Non-ideal MHD Structure,2026-08-20,True,True,pic-and-plasma-simulation,,目录覆盖
R297,Exact hierarchical algorithms for accelerating particle--mesh coupling in sparse-grid particle-in-cell methods,2026-08-20,True,True,pic-and-plasma-simulation,05-pic-kinetic-simulation.md,正文引用
R298,Electron energy gain in a dielectric laser accelerator as a function of the base angle of a triangular grating structure,2026-08-20,True,True,laser-plasma-acceleration;pic-and-plasma-simulation,01-laser-plasma-acceleration.md,正文引用
R299,Wavefront shaping of terahertz radiation using two-color flying-focus pulses with time-dependent focal velocities,2026-08-20,True,True,general-plasma-and-methods,09-general-plasma.md,正文引用
R300,Excitation of the lower-hybrid drift instability in the outflow of electron-only magnetic reconnection,2026-08-20,True,True,pic-and-plasma-simulation;magnetic-fusion-and-alpha-particles,09-general-plasma.md,正文引用
R301,Gas Beam Dump and Power Meter for High Energy Lasers,2026-08-21,True,True,general-plasma-and-methods,,目录覆盖
R302,Flow-based surrogate models for particle tracking,2026-08-21,True,True,ai-ml-plasma-physics,06-ai-ml-plasma.md,正文引用
R303,Wavefront-Guided Electron Injection for Direct Laser Acceleration in Relativistic Laser-Driven Plasma Channel,2026-08-23,True,True,laser-plasma-acceleration;pic-and-plasma-simulation,01-laser-plasma-acceleration.md,正文引用
R304,Stationary electron vortex states in a plasma bubble field,2026-08-23,True,True,laser-plasma-acceleration,,目录覆盖
R305,AI Surrogate Modeling for Real-Time Tokamak Equilibrium Prediction: Benchmarking Neural Architectures and Validation on EXL-50U,2026-08-24,True,True,ai-ml-plasma-physics;magnetic-fusion-and-alpha-particles,07-magnetic-fusion.md,正文引用
R306,Helical jets driven by a ring of laser irradiation,2026-08-24,True,True,laser-accelerated-beam-applications,,目录覆盖
R307,Macroparticles with different weights relax to different temperatures in Particle-In-Cell simulations,2026-08-24,True,True,pic-and-plasma-simulation,05-pic-kinetic-simulation.md,正文引用
R308,An Inverse Grad-Shafranov Neural Network Approach to Tokamak Magnetic Control,2026-08-25,True,True,ai-ml-plasma-physics;magnetic-fusion-and-alpha-particles,06-ai-ml-plasma.md;07-magnetic-fusion.md;10-outlook-learning.md,正文引用
R309,Spatio-Temporal Synchronization of Counter-Propagating Femtosecond Pulses,2026-08-25,True,True,strong-field-qed-radiation;experimental-platforms-diagnostics,08-platforms-diagnostics.md,正文引用
R310,High-charge collimated and energy-selected laser-driven MeV electron beams produced by magnetic selection,2026-08-25,True,True,laser-plasma-acceleration;laser-accelerated-beam-applications;experimental-platforms-diagnostics,02-beam-applications.md;08-platforms-diagnostics.md,正文引用
R311,Enhancing 10 TeV γγ-collider luminosity through scattering-laser wavelength selection in the presence of prolific electron-positron pair production,2026-08-25,True,True,laser-plasma-acceleration;laser-accelerated-beam-applications;strong-field-qed-radiation;pic-and-plasma-simulation,03-strong-field-qed.md,正文引用
R312,Real-time virtual circuits for plasma shape control via neural network emulators: integration and testing in the MAST-U PCS,2026-08-26,True,True,hedp-icf-laboratory-astrophysics;ai-ml-plasma-physics,06-ai-ml-plasma.md;07-magnetic-fusion.md,正文引用
R313,A European high-energy heavy-ion facility for electronics irradiation based at CERN: Concept Design Report,2026-08-26,True,True,laser-accelerated-beam-applications;experimental-platforms-diagnostics,08-platforms-diagnostics.md,正文引用
R314,Demonstration of ultra-low emittance beams in a kHz laser wakefield accelerator and their application to electron diffraction,2026-08-27,True,True,laser-plasma-acceleration,01-laser-plasma-acceleration.md;02-beam-applications.md;10-outlook-learning.md,正文引用
R315,Machine Learning Based ROI Segmentation for Beam Imaging Diagnostics at Accelerators,2026-08-27,True,True,laser-plasma-acceleration;ai-ml-plasma-physics;experimental-platforms-diagnostics,08-platforms-diagnostics.md,正文引用
R316,Enhancement of nonlinear pair production in a flying-focus pulse,2026-08-28,True,True,strong-field-qed-radiation,03-strong-field-qed.md,正文引用
R317,Reinforcement-learning control of turbulence transition in the modified Hasegawa-Wakatani system,2026-08-28,True,True,ai-ml-plasma-physics,06-ai-ml-plasma.md,正文引用
R318,Real-time virtual circuits for plasma shape control via neural network emulators: experimental demonstration on MAST Upgrade,2026-08-28,True,True,ai-ml-plasma-physics;magnetic-fusion-and-alpha-particles;experimental-platforms-diagnostics,06-ai-ml-plasma.md;07-magnetic-fusion.md;10-outlook-learning.md,正文引用
R319,Enhanced Extreme Ultraviolet Emission from Laser-heated Blow-Off Tin Plasmas,2026-08-28,True,True,pic-and-plasma-simulation;experimental-platforms-diagnostics,,目录覆盖
R320,Generation of Isolated Collimated Polarized γ-ray Beams via Spatiotemporal Optical Vortex Modulation,2026-08-30,True,True,laser-accelerated-beam-applications;strong-field-qed-radiation;pic-and-plasma-simulation;experimental-platforms-diagnostics,03-strong-field-qed.md,正文引用
R321,Magnetizing nonlinear plasma wakefields for positron acceleration,2026-08-31,True,True,laser-plasma-acceleration;strong-field-qed-radiation;hedp-icf-laboratory-astrophysics;pic-and-plasma-simulation,01-laser-plasma-acceleration.md,正文引用
R322,Polarized quantum effects in countable signals from intense laser - electron beam interactions,2026-09-01,True,True,laser-plasma-acceleration;laser-accelerated-beam-applications;strong-field-qed-radiation;pic-and-plasma-simulation,03-strong-field-qed.md,正文引用
R323,Generative Diffusion Surrogates with Analytical Variance Schedule,2026-09-01,True,True,laser-accelerated-beam-applications;hedp-icf-laboratory-astrophysics;ai-ml-plasma-physics,06-ai-ml-plasma.md,正文引用
R324,The Fusion Equilibrium Challenge: Inferring Magnetic Geometry Without Magnetic Diagnostics,2026-09-01,True,True,hedp-icf-laboratory-astrophysics;ai-ml-plasma-physics;magnetic-fusion-and-alpha-particles;experimental-platforms-diagnostics,06-ai-ml-plasma.md;07-magnetic-fusion.md,正文引用
R325,Revisiting the MRX Electron Current Sheet Width with Semi-Collisional Kinetic Simulations at Hydrogen Mass Ratio,2026-09-01,True,True,hedp-icf-laboratory-astrophysics;pic-and-plasma-simulation,09-general-plasma.md,正文引用
R326,Chirped-Pulse Forward Raman Amplification in Nonuniform Plasmas,2026-09-02,True,True,pic-and-plasma-simulation;experimental-platforms-diagnostics,,目录覆盖
R327,Resolution-Robust Machine Learning Heat Flux Closure for Inertial Confinement Fusion Plasmas,2026-09-03,True,True,hedp-icf-laboratory-astrophysics;pic-and-plasma-simulation;ai-ml-plasma-physics,04-hedp-icf-astrophysics.md;06-ai-ml-plasma.md;10-outlook-learning.md,正文引用
R328,High-Flux X-Ray Emission due to Injection into a Laser-Wakefield Accelerator beyond Its Depletion Length,2026-09-03,True,True,laser-plasma-acceleration,02-beam-applications.md,正文引用
R329,Quantum Vacuum Nonlinearities in Laser Interferometers,2026-09-03,True,True,strong-field-qed-radiation,03-strong-field-qed.md,正文引用
R330,Minute-Scale High-Fidelity Gyrokinetic Simulations with Portability from Laptop to Supercomputer,2026-09-03,True,True,pic-and-plasma-simulation;magnetic-fusion-and-alpha-particles,05-pic-kinetic-simulation.md;07-magnetic-fusion.md,正文引用
R331,Exploring millicharged particles in laboratory and astrophysical strong-field regimes,2026-09-03,True,True,strong-field-qed-radiation,,目录覆盖
R332,Dependence of self-injected bunch parameters on the plasma density gradient and laser pulse amplitude at LWFA in a conical plasma channel,2026-09-03,True,True,laser-plasma-acceleration,,目录覆盖
R333,X-dispersionless solver for electromagnetic and axion fields in a cylindrical particle-in-cell code,2026-09-03,True,True,pic-and-plasma-simulation,05-pic-kinetic-simulation.md,正文引用
R334,Generalized multi-dimensional conservation laws for stimulated Raman and Brillouin scattering in a density gradient,2026-09-04,True,True,general-plasma-and-methods,,目录覆盖
R335,Impact of ion-beam stopping power on proton-boron fusion yield in the pitcher-catcher scheme driven by ultra-intense laser,2026-09-04,True,True,laser-accelerated-beam-applications;hedp-icf-laboratory-astrophysics;pic-and-plasma-simulation,02-beam-applications.md;04-hedp-icf-astrophysics.md,正文引用
R336,SINAPSE: A lightweight deep learning framework for accurate and explainable neutron-γ discrimination,2026-09-05,True,True,laser-accelerated-beam-applications;ai-ml-plasma-physics,02-beam-applications.md,正文引用
R337,Magnetic island structures in relativistic laser-driven plasma channels,2026-09-06,True,True,laser-plasma-acceleration;pic-and-plasma-simulation,,目录覆盖
R338,Self-organized positron reorienting and pinching mechanism for the experimental detection of the linear Breit-Wheeler process,2026-09-07,True,True,strong-field-qed-radiation;pic-and-plasma-simulation;experimental-platforms-diagnostics,03-strong-field-qed.md,正文引用
R339,Two-Phase Structure of Synchrotron-Cooling-Unstable Relativistic Plasma,2026-09-07,True,True,strong-field-qed-radiation;pic-and-plasma-simulation;hedp-icf-laboratory-astrophysics;general-plasma-and-methods,03-strong-field-qed.md;09-general-plasma.md,正文引用
R340,Scalable Production of Lead-212 and Actinium-225 Generators with Fusion Neutrons,2026-09-07,True,True,laser-accelerated-beam-applications;magnetic-fusion-and-alpha-particles;general-plasma-and-methods,02-beam-applications.md;07-magnetic-fusion.md,正文引用
R341,Complete reflection of nonlinear electromagnetic waves in underdense pair plasmas enabled by dynamically formed Bragg-like structures,2026-09-08,True,True,hedp-icf-laboratory-astrophysics;pic-and-plasma-simulation,,目录覆盖
R342,First Experimental Evidence of Helicon Current Drive,2026-09-08,True,True,magnetic-fusion-and-alpha-particles;experimental-platforms-diagnostics;general-plasma-and-methods,07-magnetic-fusion.md,正文引用
R343,Generalized Similarity Theory for Plasmas,2026-09-08,True,True,pic-and-plasma-simulation;general-plasma-and-methods,09-general-plasma.md,正文引用
R344,Demonstration of a 10-metre-long discharge plasma source for plasma wakefield acceleration,2026-09-08,True,True,laser-plasma-acceleration;experimental-platforms-diagnostics,01-laser-plasma-acceleration.md;08-platforms-diagnostics.md,正文引用
R345,"High-charge, highly polarized positron beams generated from a laser-driven nanowire-array target",2026-09-09,True,True,strong-field-qed-radiation;laser-accelerated-beam-applications;pic-and-plasma-simulation,03-strong-field-qed.md,正文引用
R346,An improved nonlocal electron heat transport model for magnetized plasmas,2026-09-10,True,True,hedp-icf-laboratory-astrophysics;pic-and-plasma-simulation,04-hedp-icf-astrophysics.md,正文引用
R347,Particle-resolved pathways to energetic-ion formation in a fluctuating low-current hollow-cathode plume,2026-09-10,True,True,pic-and-plasma-simulation;experimental-platforms-diagnostics;general-plasma-and-methods,09-general-plasma.md,正文引用
R348,kobra: a new Vlasov code intended for plasma-wall modeling,2026-09-10,True,True,pic-and-plasma-simulation;magnetic-fusion-and-alpha-particles;general-plasma-and-methods,05-pic-kinetic-simulation.md;09-general-plasma.md,正文引用
R349,Physics-Informed Neural Networks to Infer the Perpendicular Energy Conductivity in the Scrape-Off Layer of Stellarator Devices,2026-09-10,True,True,ai-ml-plasma-physics;magnetic-fusion-and-alpha-particles;experimental-platforms-diagnostics;general-plasma-and-methods,06-ai-ml-plasma.md;07-magnetic-fusion.md,正文引用
R350,Experimental Plasma Density Profiles Determined Through Measurements of the Magnetosonic Wave Speed,2026-09-10,True,True,experimental-platforms-diagnostics;general-plasma-and-methods,08-platforms-diagnostics.md;09-general-plasma.md,正文引用
R351,Coupling periodic-cell and finite-bunch dynamics for structured photocathodes,2026-09-10,True,True,pic-and-plasma-simulation;experimental-platforms-diagnostics;general-plasma-and-methods,09-general-plasma.md,正文引用
R352,Physics-Informed Drift Diagnosis for Laser-Plasma Accelerator Operations,2026-09-10,True,True,laser-plasma-acceleration;ai-ml-plasma-physics;experimental-platforms-diagnostics,01-laser-plasma-acceleration.md;06-ai-ml-plasma.md,正文引用
R353,Laser-driven shock wave propagation in low-density foam targets investigated by time-resolved X-ray radiography and hydrodynamic simulations,2026-09-11,True,True,hedp-icf-laboratory-astrophysics;experimental-platforms-diagnostics;general-plasma-and-methods,04-hedp-icf-astrophysics.md;08-platforms-diagnostics.md,正文引用
R354,A detailed view at magnetic dipole strengths: The case of semi-magic 50Ti,2026-09-11,True,True,laser-accelerated-beam-applications;experimental-platforms-diagnostics;general-plasma-and-methods,09-general-plasma.md,正文引用
R355,A self-consistent phasor-PIC algorithm for bidirectional inductive-capacitive coupling in ICPs,2026-09-14,True,True,pic-and-plasma-simulation;general-plasma-and-methods,09-general-plasma.md,正文引用
R356,Direct observation of electron shedding from a laser-plasma accelerator,2026-09-14,True,True,laser-plasma-acceleration;pic-and-plasma-simulation;experimental-platforms-diagnostics;general-plasma-and-methods,01-laser-plasma-acceleration.md,正文引用
R357,KEMPIC-3D: A transparent and extensible electromagnetic Particle-in-Cell framework for kinetic plasma simulations,2026-09-15,True,True,pic-and-plasma-simulation;laser-plasma-acceleration;general-plasma-and-methods,05-pic-kinetic-simulation.md,正文引用
R358,Strong Nonlinear Alfvén Wave Interactions in a Laboratory Plasma,2026-09-15,True,True,experimental-platforms-diagnostics;pic-and-plasma-simulation;general-plasma-and-methods,09-general-plasma.md,正文引用
R359,Nonlinear kinetic closures for linear instabilities,2026-09-15,True,True,ai-ml-plasma-physics;pic-and-plasma-simulation;magnetic-fusion-and-alpha-particles;general-plasma-and-methods,06-ai-ml-plasma.md;07-magnetic-fusion.md;09-general-plasma.md,正文引用
R360,K-shell x-ray spectroscopy: A reliable probe for stimulated Raman scattering in inertial confinement fusion,2026-09-16,True,True,hedp-icf-laboratory-astrophysics;experimental-platforms-diagnostics;general-plasma-and-methods,04-hedp-icf-astrophysics.md;08-platforms-diagnostics.md,正文引用
R361,Kilojoule-scale laser acceleration enabling efficient generation of electron-positron and muon beams,2026-09-16,True,True,laser-accelerated-beam-applications;laser-plasma-acceleration;pic-and-plasma-simulation;hedp-icf-laboratory-astrophysics,02-beam-applications.md;03-strong-field-qed.md;10-outlook-learning.md,正文引用
R362,Efficient laser ion acceleration in near-critical density plasmas in the picosecond pulse regime,2026-09-17,True,True,laser-plasma-acceleration;laser-accelerated-beam-applications;pic-and-plasma-simulation;hedp-icf-laboratory-astrophysics,01-laser-plasma-acceleration.md,正文引用
R363,Indirect-Drive Fusion Target Design for Commercial Fusion Energy,2026-09-17,True,True,hedp-icf-laboratory-astrophysics;experimental-platforms-diagnostics;general-plasma-and-methods,04-hedp-icf-astrophysics.md,正文引用
R364,A roadmap for strategic pilot experiments at the first plasma-driven x-ray FEL,2026-09-18,True,True,laser-plasma-acceleration;laser-accelerated-beam-applications;experimental-platforms-diagnostics;hedp-icf-laboratory-astrophysics,02-beam-applications.md;08-platforms-diagnostics.md,正文引用
R365,Overview of achievements and outlook of the IFMIF/EVEDA project,2026-09-18,True,True,magnetic-fusion-and-alpha-particles;experimental-platforms-diagnostics;general-plasma-and-methods,07-magnetic-fusion.md;08-platforms-diagnostics.md,正文引用
R366,Spectral characteristics and plasma state diagnosis of highly charged iron ions in laser-produced plasma,2026-09-18,True,True,experimental-platforms-diagnostics;hedp-icf-laboratory-astrophysics;general-plasma-and-methods,09-general-plasma.md,正文引用
R367,Mechanism of Ionization Avalanche in Tokamak Microwave Gas Breakdown,2026-09-18,True,True,magnetic-fusion-and-alpha-particles;pic-and-plasma-simulation;experimental-platforms-diagnostics;general-plasma-and-methods,07-magnetic-fusion.md,正文引用
R368,Moderator Modeling for High Intensity Slow Positron Sources,2026-09-18,True,True,laser-accelerated-beam-applications;experimental-platforms-diagnostics;general-plasma-and-methods,09-general-plasma.md,正文引用
R369,Machine Learning Accelerated Plasma Simulation through Physics Guided Time Jumps,2026-09-20,True,True,ai-ml-plasma-physics;pic-and-plasma-simulation;general-plasma-and-methods,05-pic-kinetic-simulation.md;06-ai-ml-plasma.md;09-general-plasma.md;10-outlook-learning.md,正文引用
R370,Near-wall pathways of anomalous electron transport in Hall thrusters revealed by three-dimensional particle-in-cell simulations,2026-09-21,True,True,pic-and-plasma-simulation;general-plasma-and-methods,05-pic-kinetic-simulation.md;09-general-plasma.md,正文引用
R371,Cone-guided phase-space control of laser-driven proton beams,2026-09-22,True,True,laser-plasma-acceleration;laser-accelerated-beam-applications;hedp-icf-laboratory-astrophysics;pic-and-plasma-simulation;experimental-platforms-diagnostics,01-laser-plasma-acceleration.md,正文引用
R372,Anisotropy and energy distribution of leptons and photons in radiative relativistic Alfvénic turbulence,2026-09-22,True,True,strong-field-qed-radiation;pic-and-plasma-simulation;general-plasma-and-methods,03-strong-field-qed.md;09-general-plasma.md,正文引用
R373,Photoneutron reactions on 165Ho and 169Tm in the giant dipole resonance region,2026-09-22,True,True,laser-accelerated-beam-applications;experimental-platforms-diagnostics;general-plasma-and-methods,02-beam-applications.md;09-general-plasma.md,正文引用
R374,Stable 50 MeV Beams from a 100 Hz Laser-Wakefield Accelerator Driven by an OPCPA Laser,2026-09-22,True,True,laser-plasma-acceleration;laser-accelerated-beam-applications;pic-and-plasma-simulation;experimental-platforms-diagnostics,00-foundations.md;01-laser-plasma-acceleration.md;08-platforms-diagnostics.md;10-outlook-learning.md,正文引用
R375,Nonthermal electron acceleration and transition probability density in turbulent wakefields driven by an intense laser pulse,2026-09-23,True,True,laser-plasma-acceleration;hedp-icf-laboratory-astrophysics;pic-and-plasma-simulation;general-plasma-and-methods,,目录覆盖
R376,High-energy high-density attosecond electron bunch from short-wavelength laser–nanofoil interaction,2026-09-23,True,True,laser-plasma-acceleration;laser-accelerated-beam-applications;pic-and-plasma-simulation,,目录覆盖
R377,Fast-Neutron Scintillation with Multi-Quantum-Well 2D Perovskites,2026-09-23,True,True,laser-accelerated-beam-applications;magnetic-fusion-and-alpha-particles;experimental-platforms-diagnostics,02-beam-applications.md;07-magnetic-fusion.md;08-platforms-diagnostics.md,正文引用
R378,Physics-Informed Self-Supervised Learning for Joint Wire Calibration and Interaction Position Reconstruction in Multi-Wire Parallel Plate Avalanche Counters,2026-09-23,True,True,ai-ml-plasma-physics;experimental-platforms-diagnostics;general-plasma-and-methods,06-ai-ml-plasma.md;08-platforms-diagnostics.md;09-general-plasma.md,正文引用
R379,AI-Accelerated Gyrokinetic Predictions of Turbulent Transport for Stellarator Design Optimization and Experimental Planning,2026-09-23,True,True,ai-ml-plasma-physics;magnetic-fusion-and-alpha-particles;general-plasma-and-methods,06-ai-ml-plasma.md;07-magnetic-fusion.md,正文引用
R380,Imaging with GeV muons produced via laser-wakefield-accelerated electrons,2026-09-23,True,True,laser-plasma-acceleration;laser-accelerated-beam-applications;experimental-platforms-diagnostics,02-beam-applications.md,正文引用
R381,Experimental tuning of electron energy gain via laser focus shift in a laser-driven plasma wakefield accelerator,2026-09-24,True,True,laser-plasma-acceleration;laser-accelerated-beam-applications;pic-and-plasma-simulation;experimental-platforms-diagnostics,01-laser-plasma-acceleration.md,正文引用
R382,Monte Carlo sampling of first-order QED processes in laser and pulsar plasmas,2026-09-24,True,True,strong-field-qed-radiation;pic-and-plasma-simulation;general-plasma-and-methods,03-strong-field-qed.md;09-general-plasma.md,正文引用
R383,Equation of state and transport coefficients of warm dense aluminum from mixed deterministic-stochastic density functional theory,2026-09-24,True,True,hedp-icf-laboratory-astrophysics;general-plasma-and-methods,04-hedp-icf-astrophysics.md,正文引用
R384,Physics-Informed Neural Operator Surrogate for 2D Magnetohydrodynamic Reconnection,2026-09-24,True,True,ai-ml-plasma-physics;general-plasma-and-methods,06-ai-ml-plasma.md;09-general-plasma.md,正文引用
R385,LUXE: a high-precision experiment to study non-perturbative QED in electron–laser and photon–laser collisions,2026-09-25,True,True,strong-field-qed-radiation;laser-accelerated-beam-applications;experimental-platforms-diagnostics,03-strong-field-qed.md;08-platforms-diagnostics.md;10-outlook-learning.md,正文引用
R386,Bayesian inference of non-Maxwellian distribution functions from collective Thomson scattering spectra,2026-09-25,True,True,ai-ml-plasma-physics;experimental-platforms-diagnostics;general-plasma-and-methods,06-ai-ml-plasma.md;08-platforms-diagnostics.md;09-general-plasma.md;10-outlook-learning.md,正文引用
R387,Renormalized perturbation theory in an intense background electromagnetic field,2026-09-25,True,True,strong-field-qed-radiation;general-plasma-and-methods,03-strong-field-qed.md,正文引用
R388,Anomalous shock scaling in ICF implosions dominated by high-energy X-ray preheat,2026-09-28,True,True,hedp-icf-laboratory-astrophysics;experimental-platforms-diagnostics;general-plasma-and-methods,04-hedp-icf-astrophysics.md;10-outlook-learning.md,正文引用
R389,Photoneutron cross section of 209Bi in the giant dipole resonance region measured with quasimonoenergetic gamma rays at the Shanghai Laser Electron Gamma Source,2026-09-28,True,True,laser-accelerated-beam-applications;experimental-platforms-diagnostics;general-plasma-and-methods,02-beam-applications.md;09-general-plasma.md,正文引用
R390,Observer-Based Model Predictive Control for Isoflux Regulation in the EXL-50U Spherical Tokamak,2026-09-28,True,True,magnetic-fusion-and-alpha-particles;ai-ml-plasma-physics;general-plasma-and-methods,06-ai-ml-plasma.md;07-magnetic-fusion.md;10-outlook-learning.md,正文引用
R391,Electrons with Anomalous Energy Generated in Vacuum Diodes with Different Pulse Duration,2026-09-28,True,True,laser-accelerated-beam-applications;ai-ml-plasma-physics;experimental-platforms-diagnostics,,目录覆盖
R392,Generating Vector-Vortex gamma Photons by Nonlinear Compton Scattering,2026-09-28,True,True,strong-field-qed-radiation;laser-accelerated-beam-applications;general-plasma-and-methods,03-strong-field-qed.md,正文引用
R393,A high-flux electron detection system to measure non-linear Compton scattering at LUXE,2026-09-28,True,True,strong-field-qed-radiation;experimental-platforms-diagnostics;general-plasma-and-methods,00-foundations.md;03-strong-field-qed.md;08-platforms-diagnostics.md;10-outlook-learning.md,正文引用
